name,aliases,hash_id,current_affiliation,previous_affiliation,last_degree_affiliation,orcid_url,orcid,author_id
Olene Thornhill,NA,a7912437003227fed6fce8150df2d48428c3a7c3,inlingua Florida Weston,NA,NA,NA,0000-0000-0000-0001,1
Torrie Brantz,NA,db9653db49abf1410b4e02107b2cbd5b51a787e0,Spring Arbor University,NA,NA,NA,0000-0000-0000-0002,2
Mozelle Papitto,NA,54a0e51aa6827d4fbba025967144c5eeef9aacea,ST JOHNS UNIVERSITY-STATEN ISLAND CAMPUS,NA,NA,NA,0000-0000-0000-0003,3
Denae Chmura,NA,0a29764bf8eb51805e70bad9843d122d56cd3297,College of Eastern Utah,NA,NA,NA,0000-0000-0000-0004,4
Karon Sheu,NA,6399b87d4c4fe12b0ae8ef71cfccb11495d68c96,Presidio Graduate School,NA,NA,NA,0000-0000-0000-0005,5
Judson Laford,NA,6814f67928c264cfd79f10be4887294be5944bbc,East Los Angeles College,NA,NA,NA,0000-0000-0000-0006,6
Lyndon Tessmer,NA,c7c43d421a4d229ff25b81d3681a9148b516c815,Cazenovia College,NA,NA,NA,0000-0000-0000-0007,7
Antonio Hook,NA,d94819451bd6984b647a9b8248d2b41b5271201c,Centre College,NA,NA,NA,0000-0000-0000-0008,8
Dalton Wagener,NA,1d8734599d5920aab0d28c751bee0ea41ea8906a,Henderson State University,NA,NA,NA,0000-0000-0000-0009,9
Elissa Muffett,NA,5d186d1677fcd72ab81ed394f5cc330e5328b157,Excelsior College,NA,NA,NA,0000-0000-0000-0010,10
Kellee Crapanzano,NA,cf8bd22c84f048e5bae447c05de2ea8f9aac5d9f,Stella Adler Studio of Acting,NA,NA,NA,0000-0000-0000-0011,11
Santana Kenaan,NA,0559a9b5abf811b42d12af8bf0bd1a30367ce0bc,American College of Health Professions - Riverside,NA,NA,NA,0000-0000-0000-0012,12
Rina Grich,NA,b886461c7614e22f094945d473ec609509e4a8af,Cope Institute,NA,NA,NA,0000-0000-0000-0013,13
Sumiko Bouwens,NA,aef94a542026e39424d60a63b60ec9f277f81546,Resurrection University,NA,NA,NA,0000-0000-0000-0014,14
Marianna Crawford,NA,ab2785e35175f7d0e9efe1fff17cfb68940563d4,Casa Loma College,NA,NA,NA,0000-0000-0000-0015,15
Renda Villagran,NA,53e53ea54733cf3777872c0cfb82be4fc0099975,HDS Truck Driving Institute,NA,NA,NA,0000-0000-0000-0016,16
Sherrie Mazur,NA,ea4a7aead7857d67cd759d88bc1796f79d7b84d3,Cal America Education Institute,NA,NA,NA,0000-0000-0000-0017,17
Annice Malueg,NA,ea500ba09b2826869dbe6b607c12b124f19b24c1,Missouri University of Science and Technology,NA,NA,NA,0000-0000-0000-0018,18
Adell Luchsinger,NA,c7285aa5a019d93540c12f8092e0de5abc2c20fd,East Los Angeles Skills Center,NA,NA,NA,0000-0000-0000-0019,19
Ronnie Cousins,NA,fb6eafa30aa6ef3920bac04628667049777ebc42,Connecticutt Aero Tech School for Aviation Maintenance Technicians,NA,NA,NA,0000-0000-0000-0020,20
Shery Hanemann,NA,c94447e99c59b5a059b984e3baf8c8a53329df04,Mansfield University of Pennsylvania,NA,NA,NA,0000-0000-0000-0021,21
Parker Byassee,NA,9f83705104fde2efa0425cd779044caec0e555f2,Hiwassee College,NA,NA,NA,0000-0000-0000-0022,22
Arcelia Wurst,NA,d4ff9885542d3972b254ea179e87dd69b3aff6e0,Remington College - San Diego,NA,NA,NA,0000-0000-0000-0023,23
Clemmie Aysien,NA,56a93c5d3edb73b37957c6da3575dfafa28b50e6,Camelot College,NA,NA,NA,0000-0000-0000-0024,24
Matha Taray,NA,50a67236fbc01e05d9078ff40d0445524dced5fd,Pensacola State College,NA,NA,NA,0000-0000-0000-0025,25
Cherrie Reynoso,NA,1875073622825767c73f78f8d1fc5e4343e30e86,Kettering University,NA,NA,NA,0000-0000-0000-0026,26
Laura Petrik,NA,4eebed678d1620453aad2ca9131f98821d618791,Intercultural Institute of California,NA,NA,NA,0000-0000-0000-0027,27
Eleanora Henter,NA,0f9dd70825613aba9674948be7eb4786b3734339,San Diego Christian College,NA,NA,NA,0000-0000-0000-0028,28
Odelia Daquilante,NA,f13619d2127c98e1c25c38791ba5db172d4745fc,Banner Institute,NA,NA,NA,0000-0000-0000-0029,29
Lakia Moose,NA,14030eb8b939eb278dad24e362c4ae58d4338f15,Sweetwater Union High School District - Adult Education,NA,NA,NA,0000-0000-0000-0030,30
Lance Colen,NA,001a3498fbef02f48650d001c90218d3adde8485,Eastwick College,NA,NA,NA,0000-0000-0000-0031,31
Nydia Nesslein,NA,e644acf759553b40222e8f51f2c89d30c203bc27,Oregon Health & Science University,NA,NA,NA,0000-0000-0000-0032,32
Norene Bialy,NA,17bc43977c03c76a8b43d91ef65b57b8f3b70d14,Martin University,NA,NA,NA,0000-0000-0000-0033,33
Margurite Beets,NA,9f244494cd2bc5da1760fe62cd46cf1f7ba2694e,Antonelli Institute,NA,NA,NA,0000-0000-0000-0034,34
Louella Pyer,NA,795bd8ef5caa176e7db12dee2f6671cbf9c7407c,Aveda Institute of Columbus,NA,NA,NA,0000-0000-0000-0035,35
Tracee Roberston,NA,ec6f42b9a6c21af29001909a0a9149eab06b0558,St. Vincent De Paul Regional Seminary,NA,NA,NA,0000-0000-0000-0036,36
Wilton Gudmundson,NA,d9aecd4ceb3e18e385018b36dd29f0bbee3a87ee,Lake Forest College,NA,NA,NA,0000-0000-0000-0037,37
Yuonne Ehmke,NA,b99792ccafb0d3616a4061dea96bc7d829ec6316,TechSkills - Sacramento,NA,NA,NA,0000-0000-0000-0038,38
Naoma Hupy,NA,01222b5a2ceae3570ad82de07553c7050bcaee7d,Sparks College,NA,NA,NA,0000-0000-0000-0039,39
Shanta Giampietro,NA,e3c1200a6677e6c4c13afa735bd94195a2b12a64,Westwood College - Los Angeles,NA,NA,NA,0000-0000-0000-0040,40
Oralia Rodin,NA,6f19d0ad3008c95d6586ccb478c100cea6f91cc0,Post University,NA,NA,NA,0000-0000-0000-0041,41
Lisa Grandstaff,NA,95e48854ccea5f08f8a1d79bbe570febd9d42ba3,TechSkills - Greensboro,NA,NA,NA,0000-0000-0000-0042,42
Justine Evancho,NA,b5b1f58db713131b6cee1d06e8b124b6be78b6a2,West Hills College - Coalinga,NA,NA,NA,0000-0000-0000-0043,43
Cameron Honold,NA,c0db9c0468c3e3579f5a453843154abd19c7dc69,Wenatchee Valley College,NA,NA,NA,0000-0000-0000-0044,44
Penni Hollembaek,NA,cbadf92b17fcade4441f6c77654978bebd69b0bb,PC Center,NA,NA,NA,0000-0000-0000-0045,45
Kenny Diskin,NA,6620c73f4bdccb55f1a368ac4f44895955277a38,The John Marshall Law School,NA,NA,NA,0000-0000-0000-0046,46
Liana Lindstrom,NA,6d6e115e3b7fb7969991c0d0de06567a13778024,University of Georgia,NA,NA,NA,0000-0000-0000-0047,47
Shauna Mccaa,NA,0d64f453143fd21879fff694d002f147aa5ddbc5,Thomas Jefferson University and Philadelphia University,NA,NA,NA,0000-0000-0000-0048,48
Alyse Cruel,NA,de3b4f5d86694d23abc84b89f9d767d28ae85a76,Baptist Seminary of Kentucky,NA,NA,NA,0000-0000-0000-0049,49
Pablo Petersheim,NA,ebb5deb7e1bbe383bfcc9ae7be74697c661cc286,"University of California, Davis",NA,NA,NA,0000-0000-0000-0050,50
Merrie Trear,NA,6377d275ed91c8dce9dabb25d8fb1b8c2c80975f,Mountain View - Los Altos Adult Education,NA,NA,NA,0000-0000-0000-0051,51
Yolande Anania,NA,8053fa5f59338436fbb5a4351cde46f591287a87,Luther Rice College and Seminary,NA,NA,NA,0000-0000-0000-0052,52
Alona Gandhi,NA,7109f09801a116fba87a9a7b526ed7c180e4a76c,Princeton University,NA,NA,NA,0000-0000-0000-0053,53
Evelyn Lasenby,NA,547238b69b299424cee75dd44bbc49af2273ea7b,Baptist Health Schools Little Rock,NA,NA,NA,0000-0000-0000-0054,54
Deneen Hiney,NA,54936fce83a079068158312928129de1f2e0c7c4,Tennessee Technological University,NA,NA,NA,0000-0000-0000-0055,55
Kathaleen Laspina,NA,be751ea8f8cee1484cb898ea80a4fc9bb61c9f16,Kansas College of Chinese Medicine,NA,NA,NA,0000-0000-0000-0056,56
Rana Dolch,NA,cfd329427ba7d3ce13593fc765c4ada2048f1be4,CES College,NA,NA,NA,0000-0000-0000-0057,57
Mariam Hopfauf,NA,c488fe33c95feb00ceb84598628a663bab3cc7e4,Florida State University,NA,NA,NA,0000-0000-0000-0058,58
Kathline Lafountain,NA,bd6b8fec365aac04e59f0050b6b31466258ff1c9,American Institute of Healthcare & Technology,NA,NA,NA,0000-0000-0000-0059,59
Edmundo Friedrichs,NA,2195461237d3ed97c3b054482d30d833a61a198e,New Saint Andrews College,NA,NA,NA,0000-0000-0000-0060,60
Percy Szydlowski,NA,a18b2b31a923da19a1030d199ffac01ecd5f0f2d,University of Bridgeport/Fones School of Dental Hygiene,NA,NA,NA,0000-0000-0000-0061,61
Jaleesa Hogenson,NA,4ad219e128b625c365f3c7437dc0eabbf478789e,Westwood College - Dupage,NA,NA,NA,0000-0000-0000-0062,62
Herb Keebler,NA,d1c898db216fa153322d139fe4e5aac514405253,Riverside City College,NA,NA,NA,0000-0000-0000-0063,63
Kassie Chartier,NA,b9d2c778b6cf4793cb8ab5ab0178d2021b198c0e,Life Pacific University,NA,NA,NA,0000-0000-0000-0064,64
Hanh Eskaran,NA,69e867f4a9b97c70027abd2f0907d9aa5f90ee8e,Mount Mary University,NA,NA,NA,0000-0000-0000-0065,65
Jon Sansouci,NA,46fb1e8ba72c252c28d959e687234472c217fa0c,Integrity College of Health,NA,NA,NA,0000-0000-0000-0066,66
Kasey Madeira,NA,06b2801975279fe209ca2cff1a82021ac7785d3c,Fortis Institute - Cookeville,NA,NA,NA,0000-0000-0000-0067,67
Vicenta Pollnow,NA,6b7324db94c608ccdd2ebf80fd430a6803a342d9,Maricopa Skill Center,NA,NA,NA,0000-0000-0000-0068,68
Amado Mellett,NA,4b4c82110348f74f7e769ff03dc41889b59b9e64,Everest Institute - San Francisco,NA,NA,NA,0000-0000-0000-0069,69
Krysta Krinsky,NA,e0981e3c960fe5ce7be29746680a8aec5e04b9e1,College America - Flagstaff,NA,NA,NA,0000-0000-0000-0070,70
Misha Weston,NA,6ef512e5228e4a76474e4c4d2bce2ee512b302ef,Richmont Graduate University,NA,NA,NA,0000-0000-0000-0071,71
Flossie Crisp,NA,be02b980f4bb76b392d7a3e467a4bd818cc9b6d9,INTERLINK International Institute at Montana State University,NA,NA,NA,0000-0000-0000-0072,72
Rosanna Rockenbach,NA,c799a20fb4243daea5d939f4648fb70cab0a7c85,Albright College,NA,NA,NA,0000-0000-0000-0073,73
Shane Wohlenhaus,NA,195bd08a79f5c21ad33d7427cc88fa2f48c54ef6,College of the Atlantic,NA,NA,NA,0000-0000-0000-0074,74
Sue Bellflower,NA,a91b34ccd2f381a680d086c70d9d412be99e9ef1,Southern California University of Health Sciences,NA,NA,NA,0000-0000-0000-0075,75
Giuseppina Diazdeleon,NA,94f2379ee41c82b1c9b4296d075f2cf22562e8d1,Spartan College of Aeronautics and Technology,NA,NA,NA,0000-0000-0000-0076,76
Louanne Gaekle,NA,0671eb946ffc14a5675c9527d5409f16d517039e,Harrison Middleton University,NA,NA,NA,0000-0000-0000-0077,77
Loise Gingues,NA,98cc768de00d06f3d781f5e6898b0589c34847a2,Covenant School of Surgical Technology,NA,NA,NA,0000-0000-0000-0078,78
Mariann Crolley,NA,d6f262f717bdc1bc2667c321917e1b4299af893a,Vogue College - San Antonio,NA,NA,NA,0000-0000-0000-0079,79
Chauncey Kulig,NA,7f9d10eab4a797d1de44a44e516550bff65f37c0,Talmudical Yeshiva of Philadelphia,NA,NA,NA,0000-0000-0000-0080,80
Sunny Kishimoto,NA,64a9c9863104875cee652c04828c99aa6d908f3a,Furman University,NA,NA,NA,0000-0000-0000-0081,81
Lorinda Kriegshauser,NA,d9c30ea653f0fa57542d70d3efbd0672f565c59c,McMurry University,NA,NA,NA,0000-0000-0000-0082,82
Lyn Vanproosdy,NA,ca10a54c426d32c0303998488ebda1684ea059ad,MedQuest College,NA,NA,NA,0000-0000-0000-0083,83
Fannie Balduf,NA,1494b1c8bf902c87d1ad27d1d12fd6f2fa043a5c,Rabbinical College Ch'san Sofer - New York,NA,NA,NA,0000-0000-0000-0084,84
Brock Dercole,NA,4c966c81b8ce86d8d726845884d113cedcd734e2,Pacific West Academy,NA,NA,NA,0000-0000-0000-0085,85
Pok Fitzgerald,NA,ef729a24d5fd9ce7048cceaea0fa7bdfc7409221,California University of Management and Sciences Virginia,NA,NA,NA,0000-0000-0000-0086,86
Stanley Avenoso,NA,d66bb2ddf530c6dc63c8fa15c6dea64beaace7c6,Little Big Horn College,NA,NA,NA,0000-0000-0000-0087,87
Nicolasa Praska,NA,80a9b270fa0ceed99dc105802d0baeef5ae1dfd8,Dickinson College,NA,NA,NA,0000-0000-0000-0088,88
Lucile Litner,NA,309b99d59014e9148086cfdf98fd6a9b109e231e,National Theatre Conservatory,NA,NA,NA,0000-0000-0000-0089,89
Concepcion Ayala,NA,16959d8c3feabb83369e250df255bbcf24718eb3,Brookline College - Oklahoma City,NA,NA,NA,0000-0000-0000-0090,90
Tawna Somo,NA,a71eaacec229172f4855c5229ef6fcd6648f31c4,Sage School of Massage and Esthetics,NA,NA,NA,0000-0000-0000-0091,91
Emilee Kisak,NA,9d4b592b3e7a32e539e75d984f86c5a2f78c5a80,San Diego City College,NA,NA,NA,0000-0000-0000-0092,92
Brook Soros,NA,b30aa528c239099951a79856f47ce2f654910f4f,Southwest Acupuncture College - Santa Fe,NA,NA,NA,0000-0000-0000-0093,93
Azucena Lecain,NA,cdf3fe4cd95f43ff84d58b867b6380530a0af863,Fayette Institute of Technology,NA,NA,NA,0000-0000-0000-0094,94
Gale Gromoll,NA,5e244143be6de54221bcd7631f511bcdbef11a22,Polytechnic Institute of New York University,NA,NA,NA,0000-0000-0000-0095,95
Leia Cantone,NA,4a8f74d078b4c79d283db5996238e9ca0929344c,Missouri Baptist University,NA,NA,NA,0000-0000-0000-0096,96
Shelba Shead,NA,2b4f39e5345a33d9d40763bb20b76ef61b177982,Calvin University,NA,NA,NA,0000-0000-0000-0097,97
Afton Duewall,NA,d3b6954a4870125f84ab3de92c7c6f59c7f6fba4,The Chrysm Institute of Esthetics,NA,NA,NA,0000-0000-0000-0098,98
Josephina Aguiar,NA,83acdf2030f2c992b137867f2782665cd89123a8,Pittsburg Adult Education Center,NA,NA,NA,0000-0000-0000-0099,99
Deandrea Fon,NA,2fdb7c3eec03724123f0c1bb621a278247094f7a,Carson-Newman University,NA,NA,NA,0000-0000-0000-00100,100
Bridgette Sholar,NA,778f050ac952a20d59c7b3630bae038e72a2dedc,National College,NA,NA,NA,0000-0000-0000-00101,101
Woodrow Dewolfe,NA,b85c79f500599e63ac4be5696f4e8355b7d4b88d,Lourdes University,NA,NA,NA,0000-0000-0000-00102,102
Tonja Puehler,NA,eb1cbbad4b66e87f0defcdae63d4609d13c96350,Copper Mountain College,NA,NA,NA,0000-0000-0000-00103,103
Wenona Vanisouvong,NA,3979f8ab8339967711270f3cf4061f22d7d96dce,Cybertex Institute of Technology,NA,NA,NA,0000-0000-0000-00104,104
Ivette Barley,NA,f74e28d294104c1bfa50cf45e104296fc2d6dfab,McNeese State University,NA,NA,NA,0000-0000-0000-00105,105
Carolina Steinman,NA,1f3b55fca19ed8f7df163e74b883cf287b71f0de,Inter-American Defense College,NA,NA,NA,0000-0000-0000-00106,106
Karine Chean,NA,4f0fe6ffeb21acd7baefb07e8f5d6ae04ab51de0,Yavapai College,NA,NA,NA,0000-0000-0000-00107,107
Genevie Blinston,NA,62ae4353b7be03cfb01aefa6af81404b42d0edb4,Institute of Technology - Tampa,NA,NA,NA,0000-0000-0000-00108,108
Noella Klockars,NA,b424bc1e31f0e9561d842c4cd95c52195df9bdc4,Oklahoma City University,NA,NA,NA,0000-0000-0000-00109,109
Dione Deschenes,NA,9e455c0027aa7aa5005f918e88187553cbe10048,Walsh University,NA,NA,NA,0000-0000-0000-00110,110
Lilia Duk,NA,43298598a7fbd2609999db70267aab48c6aefcba,North Dakota State University,NA,NA,NA,0000-0000-0000-00111,111
Hwa Wigelsworth,NA,2dcd670e535853247af2637af415774ebac05b07,AEC Texas Institute - Hurst,NA,NA,NA,0000-0000-0000-00112,112
Heidy Wohner,NA,dce6605ed414fddb9c2e50e80a4696c6daed62c2,inlingua Metro New York Ridgewood,NA,NA,NA,0000-0000-0000-00113,113
Pam Clausing,NA,1e3ba10342de33b44fd4f48412724c62aee8c3d8,Capitol Technology University,NA,NA,NA,0000-0000-0000-00114,114
Paul Fullmore,NA,39f5d692a0c90b986ccae1c97cff1e4c5936b67d,Juniata College,NA,NA,NA,0000-0000-0000-00115,115
Samuel Passarelli,NA,79da7d8a2d47ac7b7f96dc28a738812eb5b26e59,Beaumont Adult School,NA,NA,NA,0000-0000-0000-00116,116
January Rowton,NA,c6c085644d5ab8d475edda9ce94d31e775c94465,Triangle Tech - Bethlehem,NA,NA,NA,0000-0000-0000-00117,117
Dolly Zumbrennen,NA,46487a8ee960811f2480a274607e05302b9fec28,Atlantic Union College,NA,NA,NA,0000-0000-0000-00118,118
Jamika Willaby,NA,c9c922d9bd13fd1f006e52ac09ce2f75a64cbde7,Tri County Technology Center,NA,NA,NA,0000-0000-0000-00119,119
Danyell Rogness,NA,4c76ab46bccd98e017953d5e2a26ef4d987bf439,Penn-Mont Academy,NA,NA,NA,0000-0000-0000-00120,120
Treena Triplette,NA,e80a47618d12965617eefa131d317ca43e0467ec,Bemidji State University,NA,NA,NA,0000-0000-0000-00121,121
Boyce Delahoya,NA,98ab81469b3933c3c7a2d81bafcdcc1aabab7a9a,Talmudical Institute of Upstate New York,NA,NA,NA,0000-0000-0000-00122,122
Porfirio Schweinert,NA,0076183e39646ce19f0eaa954bf5fb8d319e7297,Fortis Institute - Forty Fort,NA,NA,NA,0000-0000-0000-00123,123
Alethea Holbach,NA,fff0ff380c7adf4bb80245610b84d86ee0c2d800,University of Missouri - St Louis,NA,NA,NA,0000-0000-0000-00124,124
Lashunda Deblanc,NA,9f9999aef078118d6ecdb3acd6113b3c37b2959d,Hartford Seminary,NA,NA,NA,0000-0000-0000-00125,125
Viola Siebenberg,NA,e0d185f2fb82454cd459a011e70a430757996492,Southwestern University,NA,NA,NA,0000-0000-0000-00126,126
Christena Rull,NA,11e8e598b353f63b5df113e1cc01464e0a5014a9,University of Puerto Rico - Aguadilla,NA,NA,NA,0000-0000-0000-00127,127
Jesusita Nagg,NA,350f67c6ef936a275d4fd691f54a76ba384ae3a0,St. James Mercy Hospital,NA,NA,NA,0000-0000-0000-00128,128
Hollie Alquijay,NA,b2cc5e0156441d6fcf99710a1dd09843488409b3,Washington State University,NA,NA,NA,0000-0000-0000-00129,129
Fatimah Rutar,NA,6fe34048721c0ee0729f5f0509ba6c70b9782ebd,Talladega College,NA,NA,NA,0000-0000-0000-00130,130
Yevette Reifsnider,NA,a121589f97f469a5e72ce9a0d0613aefa3d0bebc,PowerSport Institute,NA,NA,NA,0000-0000-0000-00131,131
Mohammed Zazueta,NA,a02ced9401f622c9a0dbb907021b14cc436fdc0a,Commonsense Childbirth School of Midwifery,NA,NA,NA,0000-0000-0000-00132,132
Ching Tarbet,NA,367e859e69b39e918b4d01f751493b8c60646b26,NYC Data Science Academy,NA,NA,NA,0000-0000-0000-00133,133
Loma Maisch,NA,cabb709ca74de5a1020f842b3430389bc8cf0670,Protocol School of Washington,NA,NA,NA,0000-0000-0000-00134,134
Marshall Desnoyers,NA,5a0c71118607a0d6385fb156f61c2924ec9eee96,Pratt Institute,NA,NA,NA,0000-0000-0000-00135,135
Lesley Balistrieri,NA,47eed2a26dbf42ba15bad6b0d2ebd600f9e42d01,California University of Management and Sciences,NA,NA,NA,0000-0000-0000-00136,136
Isobel Tisi,NA,c512fcc9ed70c49beb93ff25632b75c52b827c11,inlingua Metro New York,NA,NA,NA,0000-0000-0000-00137,137
Mirna Sensing,NA,cca5badf6c0d6bab09181d687ae977a92b6e2367,New College of Florida,NA,NA,NA,0000-0000-0000-00138,138
Berenice Legore,NA,c8605df5c4145851efa30803718b05486c9fdeea,Sandusky Adult Education,NA,NA,NA,0000-0000-0000-00139,139
Jolanda Holdbrook,NA,3172741730cb4a86cfbad8da1464bf08e40aa114,Sanford-Brown Institute - White Plains,NA,NA,NA,0000-0000-0000-00140,140
Salina Prudom,NA,cd14c18c115274a23340758e87c4cfbe06630b66,Washington DC Joint Plumbing Apprenticeship Committee,NA,NA,NA,0000-0000-0000-00141,141
Joanie Tribe,NA,9777307145bf55f343e5c8035a62ac6f60be3926,Bais Medrash Zichron Meir,NA,NA,NA,0000-0000-0000-00142,142
Mikel Archut,NA,c899c14f93c83c6dbdf0e93d85238db1610543b8,Oak Hills Christian College,NA,NA,NA,0000-0000-0000-00143,143
Millard Moede,NA,5bb2859f19a02d26d2a09a4a416abf09ec3ef9f1,Florida Gateway College,NA,NA,NA,0000-0000-0000-00144,144
Trinidad Moeck,NA,19c31f338202cb8026db7d28e48d73440edff853,Sanford-Brown College - Dearborn,NA,NA,NA,0000-0000-0000-00145,145
Fritz Schick,NA,3fd75f449b0998d32fbbeb83d9ff47d803c667ff,Heritage Institute,NA,NA,NA,0000-0000-0000-00146,146
Donnie Kirschke,NA,e90d8acfaa4b85d42523e2a3be7b6658101fd7b1,National Geospatial Intelligence College,NA,NA,NA,0000-0000-0000-00147,147
Georgie Rundlett,NA,3a8c79793f2edc16d158cd6e7881b7558ff4456a,WyoTech - Fremont,NA,NA,NA,0000-0000-0000-00148,148
Gretchen Zehrbach,NA,389494bc8b05ebde2bf33e411f9a9df1f7a81d43,Columbus State University,NA,NA,NA,0000-0000-0000-00149,149
Shakia Brownson,NA,e56e65f86d846116f09ef03ff747ceaf18cb9502,Christendom College,NA,NA,NA,0000-0000-0000-00150,150
Kellye Auther,NA,af3affd1a5a267df35da629ac73d2f1194c6d256,Chatfield College,NA,NA,NA,0000-0000-0000-00151,151
Valda Glende,NA,43df712cd1f41ae50f91f2fe1389a2bf120e64c6,Nations University,NA,NA,NA,0000-0000-0000-00152,152
Troy Chaiken,NA,60d6a59374bd103cb50c6a704f638cea9aca0075,Golf Academy of America,NA,NA,NA,0000-0000-0000-00153,153
Abraham Yamagata,NA,cfacd670015ba29e03cc5e90d23bbeb0092e176a,IITR Truck Schools,NA,NA,NA,0000-0000-0000-00154,154
Tifany Strite,NA,bb769604083c362a5e66bf27d8353eb30da89172,West Valley College,NA,NA,NA,0000-0000-0000-00155,155
Tanja Kippley,NA,9056e75ac582ecec297bd4fa9b88c3aa23438070,Southeastern Esthetics Institute,NA,NA,NA,0000-0000-0000-00156,156
Malena Blocklinger,NA,9d52f06c9971be5a8e75846cd96572736fc8a33c,Montgomery College,NA,NA,NA,0000-0000-0000-00157,157
Violet Oroark,NA,2ebc98e2273676357eacea507a833b161c86afb2,"The ESL School at NYFA, South Beach",NA,NA,NA,0000-0000-0000-00158,158
Alejandra Haffey,NA,78d186cc37882a6590785fb7a2bdfe1a17c01c36,Everest Institute - San Jose,NA,NA,NA,0000-0000-0000-00159,159
Yvette Livesey,NA,d9928d565be33aa15f0bcd2feed2eeec2aa96871,Be'er Yaakov Talmudic Seminary,NA,NA,NA,0000-0000-0000-00160,160
Brad Orji,NA,1552970cc7dd18a4bbfb5f3cd0c7f8901d6741a1,Curry College,NA,NA,NA,0000-0000-0000-00161,161
Maricela Paire,NA,70e83f3a07d0ed85d8bdf7e84d21442eaac72293,Eastern School of Acupuncture and Traditional Medicine,NA,NA,NA,0000-0000-0000-00162,162
Edyth Danfield,NA,237c099b80aac9682fd151b7019c4912bd86eb2f,"National Geospatial Intelligence College, St. Louis",NA,NA,NA,0000-0000-0000-00163,163
Lowell Eskeets,NA,3529078d7157626aab926683f62cfc48ee65c559,Cortiva Institute - Connecticut,NA,NA,NA,0000-0000-0000-00164,164
Coleen Mekeel,NA,283a24fe3d5c7bdd1b61119dd956a06354c50d2d,Christ Mission College,NA,NA,NA,0000-0000-0000-00165,165
Mamie Woodke,NA,63bdf4ec21e7c098ffbfbe0e1992adae66517ed7,Christopher Newport University,NA,NA,NA,0000-0000-0000-00166,166
Claudio Fazzinga,NA,e52db3160aa8922690e5950d121036097f9bb7cb,Clemson University,NA,NA,NA,0000-0000-0000-00167,167
Fredda Pitka,NA,6f603f3927a2bc17fb23902ad13b9328641afe6c,La Salle University,NA,NA,NA,0000-0000-0000-00168,168
Carita Goodmanson,NA,73d2a1307906d8b0633f78be3c41544c7b53dbf8,Pomona College,NA,NA,NA,0000-0000-0000-00169,169
Horace Mcleoud,NA,429e98fb1092e6c888acff7665ca1f79724bae56,Spoon River College,NA,NA,NA,0000-0000-0000-00170,170
Karyn Witter,NA,c1023277161c1742ac2433e564b75f8491cca2ca,Everest Institute - Brighton,NA,NA,NA,0000-0000-0000-00171,171
Roxana Penning,NA,aac6ad46fd8db4597594b1449d6c109ee7568f53,College of Biblical Studies-Houston,NA,NA,NA,0000-0000-0000-00172,172
Bettie Barthlow,NA,7060f715a42d40d5bb2ce4dc29b48f4330072a24,Caguas Central College,NA,NA,NA,0000-0000-0000-00173,173
Randy Rentoulis,NA,36ec96dad9ced3c0b21cc0a2e5b259436b3c2616,SAINT PATRICK HOSPITAL SCHOOL OF RADIOLOGIC TECHN,NA,NA,NA,0000-0000-0000-00174,174
Walton Holroyd,NA,42288f6b399fe901f5e49a272dab9c9f80046542,Arlington Baptist University,NA,NA,NA,0000-0000-0000-00175,175
Nieves Canny,NA,dce22cb52b06f0e505c847d45eb346a21ca9e122,Rockbridge Seminary,NA,NA,NA,0000-0000-0000-00176,176
Trey Muncrief,NA,0546286adb6972e4128304a09ca5475fd1f72826,Ballet Idaho Academy,NA,NA,NA,0000-0000-0000-00177,177
Galen Sether,NA,856a82c76983e2744deeb318d35e39272a5e8293,Pacific College of Oriental Medicine - New York,NA,NA,NA,0000-0000-0000-00178,178
Oma Breit,NA,6d2f93b962ca0febcabd6552c45736ead303fbf1,Montana Technological University,NA,NA,NA,0000-0000-0000-00179,179
Minh Barge,NA,e1b2dc913b3bbf3358c0e5e5feb9b385a87318ba,Judson College,NA,NA,NA,0000-0000-0000-00180,180
Ashlea Renert,NA,3ccbe0f75685358b4eb66e6ad856299e40e4797d,Mid-Continent University,NA,NA,NA,0000-0000-0000-00181,181
Krystin Chough,NA,3b7d3bcf7dc0974cc271d21b15df2b556aed684f,Auburn University Main Campus,NA,NA,NA,0000-0000-0000-00182,182
Dorathy Purkett,NA,8214ef8f6467051cbcbf044ec387e6f9555ca828,Citrus College,NA,NA,NA,0000-0000-0000-00183,183
Valerie Goldenberg,NA,e46f81cd847695fb3f2c647ba1198579d2d25006,Shippensburg University of Pennsylvania,NA,NA,NA,0000-0000-0000-00184,184
Josefa Thorstenson,NA,0da2168fa580290f82e235dc4f2fbda624a8f0aa,The University of Texas at San Antonio,NA,NA,NA,0000-0000-0000-00185,185
Loyce Bowlin,NA,5d0ae80497b4ea0003b90b33998efbc3a2afe216,Benefis Healthcare School of Radiologic Technology,NA,NA,NA,0000-0000-0000-00186,186
Delmy Studniarz,NA,60f13004ba583d7e575288761f1cd3f0b4b7bf55,Kaskaskia College,NA,NA,NA,0000-0000-0000-00187,187
Rupert Samms,NA,6c92cfc9b3b76e480ffa94e8ffcc5966186f0323,Rockefeller University,NA,NA,NA,0000-0000-0000-00188,188
Dannielle Patraw,NA,840171898fbded759a81bf36972cff1dfa28e15b,Colegio Educativo Tecnologico Industrial (CETI College),NA,NA,NA,0000-0000-0000-00189,189
Brynn Canino,NA,c6a79df9668fdd95d261d0c2186b5bb6b405a261,Hoss Lee Academy,NA,NA,NA,0000-0000-0000-00190,190
Grace Piatt,NA,d7d6a7ce6d51f67132d154f12a529520706215c7,"State College of Florida, Sarasota-Manatee",NA,NA,NA,0000-0000-0000-00191,191
Cindie Wernert,NA,105f0f9104803196faae7f3948f77d4bfb399830,Katharine Gibbs School,NA,NA,NA,0000-0000-0000-00192,192
Tamekia Slawski,NA,c3bf2ef0e5497da070fdf46bc27a10b6c2ea77fd,Maric College - Anaheim,NA,NA,NA,0000-0000-0000-00193,193
Lang Crandall,NA,a4b05e3cecbafa34bac746f86f6b5479b7b41f07,Hussian College,NA,NA,NA,0000-0000-0000-00194,194
Dominic Fetchko,NA,4bb5cc5144cdf1a81197bbed91c18d19b9d7401a,Unilatina International College,NA,NA,NA,0000-0000-0000-00195,195
Fairy Julia,NA,c7aa63848b443aebb5a0137f13ba3657f213170c,Boston College,NA,NA,NA,0000-0000-0000-00196,196
Roxie Alto,NA,c238d5190e6050b2f1308bb4ffd2c7f26d71f6aa,Champlain Valley Educational Services (CEWW BOCES),NA,NA,NA,0000-0000-0000-00197,197
Kate Daffron,NA,487e2171387ed811ec634a7d587f2929d0336133,Kyung San University,NA,NA,NA,0000-0000-0000-00198,198
Daren Guilmette,NA,56913e92f9098a1f14aabe9dbe3b4fc75505ed6b,Realtor University,NA,NA,NA,0000-0000-0000-00199,199
Rodger Wester,NA,fd32dd7774a1f53b0972ac296676cd8d80debfe7,Charleston Southern University,NA,NA,NA,0000-0000-0000-00200,200
Camie Parolini,NA,117cb41150e33e52a54ca96812ff6c32825dd37e,Bellus Academy - National City,NA,NA,NA,0000-0000-0000-00201,201
Shawanna Skevofilakas,NA,9b1812eecdb7fe607609df9cc3e66bb4c40f4782,University of Maine at Fort Kent,NA,NA,NA,0000-0000-0000-00202,202
Margery Rauschenbach,NA,fb4056a9d8a0b485ed42aa3be3034e3d7a05e076,Birthingway College of Midwifery,NA,NA,NA,0000-0000-0000-00203,203
Julieta Pedro,NA,e155f114141a471247646d5eb384f70fa00aab57,Southern University at Shreveport,NA,NA,NA,0000-0000-0000-00204,204
Candace Petrilla,NA,eb14fc6e64def9246aeea269f1f7a905a823a381,Project for Pride in Living Train to Work Program,NA,NA,NA,0000-0000-0000-00205,205
Taisha Debnar,NA,da3c59cf9a27cdd0c971b5e144238189197cf4ae,New Charter University,NA,NA,NA,0000-0000-0000-00206,206
Kevin Drader,NA,58133e0186d294f4ddf8b5acdbf8808390758f6a,Andover College,NA,NA,NA,0000-0000-0000-00207,207
Latesha Liepins,NA,f1c6fc82613b3a23bd8ef2a4574fa61003b684a7,Bellevue University,NA,NA,NA,0000-0000-0000-00208,208
Grazyna Marszalek,NA,eb4bffd2372dd76ee5c18cd22bf09e7752db8f0f,St. John's Seminary in California,NA,NA,NA,0000-0000-0000-00209,209
Tula Rusteika,NA,c9f1ce8426ff7bf2297b329da2d34514dbe8ec16,High Tech High Graduate School of Education,NA,NA,NA,0000-0000-0000-00210,210
Christian Killingsworth,NA,1f1420ef5f7dbb207536e7eda7d6b9e520ef5534,Polytechnic Institute,NA,NA,NA,0000-0000-0000-00211,211
Sharonda Lamborne,NA,c74241f7b363bca7d50a026bcf4ba3b91ffd9605,Cortiva Institute - Tucson,NA,NA,NA,0000-0000-0000-00212,212
Shenita Badasci,NA,0fd2da940775a983c4096ac1510582ca6ded6f08,Silicon Valley University,NA,NA,NA,0000-0000-0000-00213,213
Rosendo Cornetta,NA,e689d1269017f7b75da7a4e948c390538c189b43,Defense Information School,NA,NA,NA,0000-0000-0000-00214,214
Nick Cabos,NA,98712dd226abff90c726e0d683fa5abcd1aa5a2d,College of Southern Nevada,NA,NA,NA,0000-0000-0000-00215,215
Delora Radich,NA,1ab1e35f47978a55abd96e922348e8787d271d6c,Premiere International College,NA,NA,NA,0000-0000-0000-00216,216
Aracely Copenhaver,NA,47f52585e9d594412b9323815e7a3427f9f1ef5d,Shared Services Center,NA,NA,NA,0000-0000-0000-00217,217
Enola Shillinger,NA,a8d88c1e998ca7612df4c8a107080e3eea6a5fdf,Travel University International,NA,NA,NA,0000-0000-0000-00218,218
Astrid Tesmar,NA,69dbe89f068a76d79613dabdf74c365823e3d9fb,American National University,NA,NA,NA,0000-0000-0000-00219,219
Mallie Siangco,NA,faee1a3d8c5557ea483b38b36a3ac1284eca245a,Institute of Clinical Acupuncture & Oriental Medicine,NA,NA,NA,0000-0000-0000-00220,220
Tristan Hauenstein,NA,3be2265e6554efcc14296fa9e40c85c431ffd882,Southwest Baptist University,NA,NA,NA,0000-0000-0000-00221,221
Clara Girone,NA,d510ee644ee42455850b9bf5f51cdd314b58f25d,Hardin-Simmons University,NA,NA,NA,0000-0000-0000-00222,222
Vern Bonniwell,NA,a6821bd8d6f41b44cead497e9d13470049c863c0,Northwestern State University of Louisiana,NA,NA,NA,0000-0000-0000-00223,223
Elsa Hoch,NA,32ff9a8ad0964a7cf197c5d791aeae0e8144d0de,Indian Capital Technology Center - Sallisaw,NA,NA,NA,0000-0000-0000-00224,224
Kyung Wolffe,NA,1387638a9121bed56adc74c27527a82a3f7b8b83,Marymount University,NA,NA,NA,0000-0000-0000-00225,225
Corliss Laverette,NA,62f9e5c5c9f773df009cac6142698e79441539d8,Calvary University,NA,NA,NA,0000-0000-0000-00226,226
Hulda Detlefs,NA,8bbde04d08ee2455c5bc0725f4cad83c0c712664,Mosdos Yaakov V'Yisroel,NA,NA,NA,0000-0000-0000-00227,227
Noemi Asselta,NA,53a571653eb8215e153ad4dd85fcf15170a9348d,Southwestern Illinois College,NA,NA,NA,0000-0000-0000-00228,228
Neta Geronimo,NA,3fa550c6869f68509e10f050c766feca00a1073d,Bismarck State College,NA,NA,NA,0000-0000-0000-00229,229
Anneliese Vasiliou,NA,41b57262fd95f5938cb74fd97b9df0b9224c1067,Wright State University,NA,NA,NA,0000-0000-0000-00230,230
Keva Mcnamer,NA,2cce699c3ea986cbe13bb2f40df157c6550a6cf5,New England Institute of Technology,NA,NA,NA,0000-0000-0000-00231,231
Jasper Waechter,NA,ca11ee256d8bbe82fcb916972bd7ae4a73676a63,King's College,NA,NA,NA,0000-0000-0000-00232,232
Lory Gossow,NA,39cec028b943aea6a5b5df32f9f2fc99d4185544,Southwest Acupuncture College - Boulder,NA,NA,NA,0000-0000-0000-00233,233
Samira Kuester,NA,ff48d947f14afd88356ad6f2e141f201169b47fb,California Institute of Integral Studies,NA,NA,NA,0000-0000-0000-00234,234
Erlinda Dejager,NA,536dc7ed42ba111e2c3c598c56ff175b938c9c75,Franklin Academy,NA,NA,NA,0000-0000-0000-00235,235
Rona Neveu,NA,94693b079a51f5b528c8784bd4465262f61c3379,American School of Technology,NA,NA,NA,0000-0000-0000-00236,236
Annamae Pascarelli,NA,f718f24077ebdb8694cf7921a1f3514db4be6685,California Polytechnic State University-San Luis Obispo,NA,NA,NA,0000-0000-0000-00237,237
Taryn Silversmith,NA,6139b7d3009223e5e42ef48f192fc140b7f2ae5c,Southern California Health Institute,NA,NA,NA,0000-0000-0000-00238,238
Beau Jiminian,NA,4c2e0a215ea24812fc68be69edff1071cf86eaf1,Saint Gregory the Great Seminary,NA,NA,NA,0000-0000-0000-00239,239
Vivienne Gaber,NA,90a82bc4096ca5e78362c385e6bf16ff66afefb0,New Hope Christian College,NA,NA,NA,0000-0000-0000-00240,240
Hettie Daer,NA,52548ee4e7b0cfc3031cf5a4e756ef35129e9ede,Suffolk University,NA,NA,NA,0000-0000-0000-00241,241
Tambra Kitten,NA,c274faa3142e27652f204ac40657dacea6275896,Mercy In Action College of Midwifery,NA,NA,NA,0000-0000-0000-00242,242
Ha Schwenk,NA,5754e2f811bddb8ef73bba8be78076405511b003,Avtech Institute of Technology,NA,NA,NA,0000-0000-0000-00243,243
Precious Sleigh,NA,00bf291b7f098a80ee9806e51e19c6ee3bb5bb91,Deep Creek Construction School,NA,NA,NA,0000-0000-0000-00244,244
Stasia Hessell,NA,15b8f7d45f026500c75ce929b05284ce9cf97be2,Laurus College,NA,NA,NA,0000-0000-0000-00245,245
Velma Kuman,NA,b27addf58deacf9ddaf16790288380054364da43,Bloomsburg University of Pennsylvania,NA,NA,NA,0000-0000-0000-00246,246
August Stith,NA,68d041e953125fcdb5922baa2dae77c622a1ad91,Michigan Technological University,NA,NA,NA,0000-0000-0000-00247,247
Consuelo Cherrin,NA,bd648fff7f637995ce7dedac0f8eb51ee424871e,George Mason University,NA,NA,NA,0000-0000-0000-00248,248
Annis Almada,NA,8f579e057e1451bef4749c381f2e3eaef93dc57c,International Air and Hospitality Academy,NA,NA,NA,0000-0000-0000-00249,249
Clelia Peretti,NA,e52c75533319fdc168923948a8adfe6d0d751bfc,OISE Boston,NA,NA,NA,0000-0000-0000-00250,250
Lola Fackler,NA,b5527a85213994f8f133368a0920f4bf368523ec,Leech Lake Tribal College,NA,NA,NA,0000-0000-0000-00251,251
Marti Nin,NA,41ebafac364a030252a82ff90810d3847ccc113f,Milan Institute - Palm Desert,NA,NA,NA,0000-0000-0000-00252,252
Lyndia Sherrell,NA,3236d88a2fbe8c25acb30479068924c0e55747bc,SBI Campus an affiliate of Samford Brown,NA,NA,NA,0000-0000-0000-00253,253
Ned Eschete,NA,f89a49667b66cfdd702d7cf366516ce269bb5254,Platt College - Riverside,NA,NA,NA,0000-0000-0000-00254,254
Pennie Waler,NA,ef4ba31ba0a93ec35341e57c4eb2f20cf2cebd35,inlingua Metro New York Summit,NA,NA,NA,0000-0000-0000-00255,255
Laveta Leverone,NA,a9863a316be80f5df7abc0f4fb250c45906af1ed,Sumner College,NA,NA,NA,0000-0000-0000-00256,256
Laurice Crescenti,NA,2ceefa4ffc7582c0501ab03aeb6a818f9fe81c04,Konocti College of Holistic Studies,NA,NA,NA,0000-0000-0000-00257,257
Cassaundra Fohl,NA,63a1deea51a665dd816177565721e3a09f38bad3,University of West Georgia,NA,NA,NA,0000-0000-0000-00258,258
Jami Haeber,NA,a2b6fb7697cde2d500bf0b5ecd95feab7a0723cf,National Interscholastic Athletic Administrators,NA,NA,NA,0000-0000-0000-00259,259
Courtney Gutreuter,NA,44e127c58bd4ff1206f7b7f2c6c40691d8c18ee0,Bramson ORT College- Bensonhurst Campus,NA,NA,NA,0000-0000-0000-00260,260
Polly Sarson,NA,8dd476c60dd684f5ef4536c09f84188c55b1b59c,Abilene Christian University,NA,NA,NA,0000-0000-0000-00261,261
Barbara Ponds,NA,1d38ec708dc8793be7595912c315ca71fe86c610,Mendocino College,NA,NA,NA,0000-0000-0000-00262,262
Song Sattlefield,NA,747d4b220439d2646b4173ef8e35cc9801eaef60,Stacey James Institute,NA,NA,NA,0000-0000-0000-00263,263
Roselia Riff,NA,7fc39f72b3cb44260393d87aa035978e128a07ae,Western Connecticut State University,NA,NA,NA,0000-0000-0000-00264,264
Forest Shost,NA,6240285904c520dd2e7afdfbd91aa6314348e38b,Anthem College - Bryman School,NA,NA,NA,0000-0000-0000-00265,265
Tracey Heart,NA,43b4ac7f7c0057a59c7ebdba38382c0bd60e3d46,University of Pittsburgh - Main Campus,NA,NA,NA,0000-0000-0000-00266,266
Major Schrage,NA,d5bd2e6717b2c3d85049129a35dc7f82aca1e35d,Chicago Public Schools,NA,NA,NA,0000-0000-0000-00267,267
Kala Hudgens,NA,4850aac4383cffbe43ac7b6fe8c1ec3e03c8ae41,Jersey College,NA,NA,NA,0000-0000-0000-00268,268
Larue Shadrick,NA,a9459a255298b8d370ce475213052dabfe9e9509,University of Arkansas Rich Mountain,NA,NA,NA,0000-0000-0000-00269,269
Ute Kman,NA,6002cc62bbfeabdc5206cd4c4b3df722f6ccb9c0,Elyon College,NA,NA,NA,0000-0000-0000-00270,270
Rima Harten,NA,5aeee9729a44d47f2f539c04861e78d7ee595879,SUNY at Albany,NA,NA,NA,0000-0000-0000-00271,271
Freeman Palys,NA,5fbbe3695512ba958eb3ecf29700f3b7ee682619,Seattle Institute of East Asian Medicine,NA,NA,NA,0000-0000-0000-00272,272
Lynn Gewinner,NA,99d7b28985c7ed30260e23b366cd6ebbbbd46f85,Le Moyne College,NA,NA,NA,0000-0000-0000-00273,273
Cortney Anzalone,NA,c1786523910c3abe7bb27b7f813b5e9c47d2be70,PITC Institute,NA,NA,NA,0000-0000-0000-00274,274
Jo Sandage,NA,4b92c8f4e785192b5377ebd91b01b89a5f336563,National Polytechnic College of Science,NA,NA,NA,0000-0000-0000-00275,275
Ozella Fesko,NA,4567a9e8938a667de1e7082d0a086b14756134e8,Carville Job Corps Academy,NA,NA,NA,0000-0000-0000-00276,276
Lena Vivanco,NA,d4d7f64e95321e14f67f9c7ec1ba69cf815b3b1f,School of Automotive Machinists & Technology,NA,NA,NA,0000-0000-0000-00277,277
Colette Bogardus,NA,10be943dffa9e2d1b54db6c3c173f6451554dfc3,Purdue University - North Central,NA,NA,NA,0000-0000-0000-00278,278
Gisela Koebley,NA,a43e0c2ad33c616a071b30341c380895614ab1ef,Hancock International College,NA,NA,NA,0000-0000-0000-00279,279
Twyla Rebeles,NA,a798b5668a9ba880dc146910db8366e0156c141c,Portland Actors Conservatory,NA,NA,NA,0000-0000-0000-00280,280
Yajaira Silker,NA,3b647a1d4aec43ebe287f14c3da5ad4fcfb4dfb3,Seminary of the Southwest,NA,NA,NA,0000-0000-0000-00281,281
Rich Ebinger,NA,9639b76be93894536017744ed150799e4a8dc120,Liberty Adult School,NA,NA,NA,0000-0000-0000-00282,282
Ferne Rowls,NA,56fcf5ea26c3caef4bdfd1dd7dd964b26139ab95,Saddleback Valley U.S.D. - Adult Education,NA,NA,NA,0000-0000-0000-00283,283
Denis Lennan,NA,46a525441730df1086bc38d9b846175af1d83497,River Valley School of Massage,NA,NA,NA,0000-0000-0000-00284,284
Jerrold Finnley,NA,47eae9d974857d7b12eb9f3280b53a65a2bb84d7,Everest College - Reseda,NA,NA,NA,0000-0000-0000-00285,285
Herlinda Sigel,NA,9b6e53c702a849351d0631966da778ce4a0e7299,Minnesota State University - Moorhead,NA,NA,NA,0000-0000-0000-00286,286
Galina Hazarika,NA,a040b5ca8e11e31edb7a8af15e5fc6973e6e0207,Sawyer School - Pawtucket,NA,NA,NA,0000-0000-0000-00287,287
Catrina Shirvanian,NA,6159a95cc6b338695ba36fd4d0ad263a6021f274,Dharma Realm Buddhist University,NA,NA,NA,0000-0000-0000-00288,288
Kathrin Aboytes,NA,d93e24bc769ee5720967b582e1efbf64f10f6108,Computer Labs,NA,NA,NA,0000-0000-0000-00289,289
Vilma Alverez,NA,839486b2a79f0310301371e91412f0158a1f762f,Independence University,NA,NA,NA,0000-0000-0000-00290,290
Jorge Nickson,NA,dbf2f72e260c330dc55c0f7fff27d8c47030099f,Massage Therapy Institute of Colorado - Denver,NA,NA,NA,0000-0000-0000-00291,291
Lona Rodwell,NA,a3ada7c3a01163e73a71c1870b8e9bc40fa7743b,California State University - Northridge,NA,NA,NA,0000-0000-0000-00292,292
Eufemia Stemm,NA,ce93f3effe0aaa1b311ec1ba8df1ba9f74ecd991,University of Pittsburgh - Bradford,NA,NA,NA,0000-0000-0000-00293,293
Raisa Giacomazzi,NA,f49dfecef9f64b71691bd75b7c8c448335c5933c,Hobart Institute of Welding Technology,NA,NA,NA,0000-0000-0000-00294,294
Sal Bartolotta,NA,c65e77cd3ebe00730c27db67ae0a257500610d28,Rowan University,NA,NA,NA,0000-0000-0000-00295,295
Miss Lammi,NA,9ee93b912597eb4d4c2b6cf2b1f4e37d47921e40,Texas A&M University - Commerce,NA,NA,NA,0000-0000-0000-00296,296
Jazmine Beckstead,NA,7f25b5d45b0d4434fdae32683bbd5dbec3c070ef,Southwestern Christian University,NA,NA,NA,0000-0000-0000-00297,297
Cristy Rothgery,NA,b1eee040c077eb7b0ab32a2da2df301e7d16547c,SUNY Buffalo State,NA,NA,NA,0000-0000-0000-00298,298
Agustin Toliongco,NA,60c398e4a5da06c3c0efb09ea90e146361b59750,University of Mount Olive,NA,NA,NA,0000-0000-0000-00299,299
Curtis Theos,NA,3361f7dfa9e20204019978cb3aa3282398107703,Doral College,NA,NA,NA,0000-0000-0000-00300,300
Manuela Wiza,NA,76d0a0f81aa0217d71132ad8b5bd5a0126968c4a,Webber International University,NA,NA,NA,0000-0000-0000-00301,301
Mertie Cantillo,NA,6331e3b980fd868eb0eafad5596acdd1e7f44389,Universidad Ana G. Mendez - Online Campus,NA,NA,NA,0000-0000-0000-00302,302
Valentina Haluska,NA,da77ee4f5eaf156ad68ed8b63515556949dad7e6,Transylvania University,NA,NA,NA,0000-0000-0000-00303,303
Harmony Kirchmann,NA,e81020b5ecfc9536bc072e7df39d9df8936ca856,Texas A&M Health Science Center,NA,NA,NA,0000-0000-0000-00304,304
Leticia Okino,NA,7443f3fa12f12c6ffd93c31ff5bee25de1d794b1,SCOTT COLLEGE OF COSMETOLOGY-CUMBERLAND,NA,NA,NA,0000-0000-0000-00305,305
Markita Fornerod,NA,35e31d78ba4a601a580636242b6f45ebd3c571d2,Green Country Technology Center,NA,NA,NA,0000-0000-0000-00306,306
Josefine Wietzel,NA,c85b9ff5ad337062b883037b94a233af06894cc9,Thomas More University,NA,NA,NA,0000-0000-0000-00307,307
Buena Sunday,NA,8f5a2dbc6251fb0d8a283c617a977c8933b03216,Ancilla College,NA,NA,NA,0000-0000-0000-00308,308
Tyrell Guidos,NA,31960ddac886ac1f48a747ac46f51cdc7df15311,The ESL School at NYFA Los Angeles,NA,NA,NA,0000-0000-0000-00309,309
Rosalina Riggs,NA,d91b08e02ac5bb4186529aea7df53563cd1be867,Cattaraugus-Allegany-Erie-Wyoming BOCES Olean Center,NA,NA,NA,0000-0000-0000-00310,310
Chadwick Woodie,NA,7e946173d616c8199a9c7b8fc84aed11b66a0e09,Sanz School,NA,NA,NA,0000-0000-0000-00311,311
Boris Stoler,NA,f2c3087874e898a03dac312823090b8d549e141b,PCI College,NA,NA,NA,0000-0000-0000-00312,312
Libby Denoyer,NA,de7449a974033248a6dac9a6ed57151133814f0c,University of Arkansas at Little Rock,NA,NA,NA,0000-0000-0000-00313,313
Val Warmbier,NA,0ea9e3d708de8d4676c26a41ad2a19a6efb54873,Washburn University of Topeka,NA,NA,NA,0000-0000-0000-00314,314
Ernie Wirebaugh,NA,c4cece5bafedcc0192e90d83b809bfdfd5ec4cf3,Coppin State University,NA,NA,NA,0000-0000-0000-00315,315
Arie Strube,NA,1f72c695903f974df740e701c4cbd02c2fa58c2d,Lenoir-Rhyne University,NA,NA,NA,0000-0000-0000-00316,316
Kymberly Leckman,NA,0e521cfafdc609b0ac9fdd96aa3cdf07bc5c6b8d,Pennsylvania College of Technology,NA,NA,NA,0000-0000-0000-00317,317
Catherina Lamothe,NA,bb52faca4eae22c26793e0578768376ff661820b,Oklahoma School of Photography,NA,NA,NA,0000-0000-0000-00318,318
Normand Pointdexter,NA,40c293cbd4e976a40516a0d3bb10f5311d04cd25,VA Montana Health Care System,NA,NA,NA,0000-0000-0000-00319,319
Terra Facer,NA,c7429bf472cb4e18abd257df9d41532f842b01d8,Grace Christian University,NA,NA,NA,0000-0000-0000-00320,320
Maryellen Boroski,NA,f7c2bef50f4a8d4f737ca8a19bf764c3bae09159,Yeshivas Emek Hatorah,NA,NA,NA,0000-0000-0000-00321,321
Mardell Tubman,NA,4049bf15b745f59f602bb61ef7f13c6a433e05d7,Massachusetts School of Law,NA,NA,NA,0000-0000-0000-00322,322
Jessica Sespinosa,NA,d8a62fe362cba72339fb5cb06d165eb60ca105e2,Marycrest International University,NA,NA,NA,0000-0000-0000-00323,323
Elisa Milhorn,NA,83b902b20f90deab82e3dabef41236668c848e9b,New England School of Communications,NA,NA,NA,0000-0000-0000-00324,324
Bree Sorlie,NA,f185aed7ab311cdf9c19ce7902a83e4d4a7f8779,Mount Ida College,NA,NA,NA,0000-0000-0000-00325,325
Helen Holch,NA,e6de22e3961f4d23681c1a01b0be924c32d577b6,Fordham University,NA,NA,NA,0000-0000-0000-00326,326
Jalisa Skov,NA,26aed4819c06f66a7fd24ac6890e3376bed5288b,Chi Institute of Traditional Chinese Veterinary Medicine,NA,NA,NA,0000-0000-0000-00327,327
Evangelina Andres,NA,dee03a6828e1eaa8e6f4af2fb14e4654f2edb007,San Juan College,NA,NA,NA,0000-0000-0000-00328,328
Apolonia Kintz,NA,c317f08972a05d24812c70e1bf016a3206097536,RTP Hispanic American College,NA,NA,NA,0000-0000-0000-00329,329
Ginny Waughtal,NA,43f0e5c8e33e252fb9edff3625b440924370a8bc,Derech Ayson Rabbinical Seminary,NA,NA,NA,0000-0000-0000-00330,330
Joline Fedderly,NA,5b4bfd8eb78ad7c9a9060cd5ae70e9b75982011f,Antonelli College - Hattiesburg,NA,NA,NA,0000-0000-0000-00331,331
Nguyet Dressler,NA,cd37d26fb0db832da527e3fee3c8d4dd9c069888,North-West College - Glendale,NA,NA,NA,0000-0000-0000-00332,332
Annett Pajerski,NA,3505949fe95a52f15a70b98754d658f6080150cb,Rose State College,NA,NA,NA,0000-0000-0000-00333,333
Catarina Bensch,NA,33ed8f68e25b1e38257b3bfdb7c32dc73a9796fc,"City College of New York of the City University of New York, The",NA,NA,NA,0000-0000-0000-00334,334
Jeremy Szalai,NA,7b4fd5b0a995812623ede807d6dfd0f078d3c15c,New Haven Adult School,NA,NA,NA,0000-0000-0000-00335,335
Pricilla Buegler,NA,e6def165ea0bdd13a8121b590e498bd80d7cff09,Com-Tec Institute,NA,NA,NA,0000-0000-0000-00336,336
Shavonne Khanna,NA,68df12e0974bb99f62cb22854abc602f69ae96e5,Jacksonville University,NA,NA,NA,0000-0000-0000-00337,337
Venetta Stilley,NA,cde2d81773bdd78862073580ee4a6e477a7f9b88,Skin Institute,NA,NA,NA,0000-0000-0000-00338,338
Mitzi Heuangvilay,NA,c5e74e941524a6a18a2cb556bf9bffea278ee29e,Ozark Christian College,NA,NA,NA,0000-0000-0000-00339,339
Lazaro Galapon,NA,723e4bf1496405b3a2f934e55f40a52f39f0308d,California Christian College,NA,NA,NA,0000-0000-0000-00340,340
Jay Arkema,NA,e1685c4a59b5c23a87d2e6078b412c2142170da0,John Marshall Law School - Atanta,NA,NA,NA,0000-0000-0000-00341,341
Tynisha Fontanez,NA,860d26e14ad3c0046cfbe8afa51115fd8537373b,Aveda Institute Denver,NA,NA,NA,0000-0000-0000-00342,342
Kelli Steady,NA,5d90a5f17adae9c257b16e4cdf8d35272388aceb,Providence Christian College,NA,NA,NA,0000-0000-0000-00343,343
Matt Konopka,NA,6df6becae2c0bdb89538d01c50a0bbd533399e2f,John Lopez Welding School,NA,NA,NA,0000-0000-0000-00344,344
Daniele Schornick,NA,48d49625eb5484b1f5b4fbb15e9b0c3932989460,University of Virginia,NA,NA,NA,0000-0000-0000-00345,345
Nakesha Swist,NA,53aa77bded37801f6adff0034208477432fb087b,Academy of Chinese Culture and Health Sciences,NA,NA,NA,0000-0000-0000-00346,346
Johnetta Jacaruso,NA,ea4791cbde47f201bf800dea60129f6c3518a547,DAVENPORT UNIVERSITY-EASTERN REGION-DEARBORN,NA,NA,NA,0000-0000-0000-00347,347
Christal Glockner,NA,13b92fd9842cd6b7cbafc1ce53348c8cb7a783b6,Virginia Christian University,NA,NA,NA,0000-0000-0000-00348,348
Carlton Stritmater,NA,1309a7d955c3764cfeeb2cf6a4d3f17c37163ebf,Ranger College,NA,NA,NA,0000-0000-0000-00349,349
Krista Buchmann,NA,f25b42658ca7ecdc7e1f8ba5dd16e18751fd0865,Instituto Educativo Premier,NA,NA,NA,0000-0000-0000-00350,350
Jone Thompkins,NA,87caafc9b036c8caccb96cc7fda86cf717d99a09,Yeshiva Kollel Tifereth Elizer,NA,NA,NA,0000-0000-0000-00351,351
Selina Mottillo,NA,c14dfdc1fc02967198495006bab48a8373b53efa,American Educational College - Bayamon,NA,NA,NA,0000-0000-0000-00352,352
Nada Mestad,NA,6f704c4d458cf2a691f585307253462e238b23b0,University of Northwestern Ohio,NA,NA,NA,0000-0000-0000-00353,353
Daphine Stefano,NA,3db76257e76ce79e90d57342defe5acbb420e871,Pacific Grove Adult School,NA,NA,NA,0000-0000-0000-00354,354
Aline Dinn,NA,71bc6fb0f3782f9f1eea3437c156e2ddb3e172a3,South University,NA,NA,NA,0000-0000-0000-00355,355
Nettie Stotko,NA,b6a0cc7d8d719191cbaff08c194f8fd1e7129a1e,The Juilliard School,NA,NA,NA,0000-0000-0000-00356,356
Debi Panrell,NA,cea003183bad3cec0fd08f4ceb59b38365b76cdd,Clark Atlanta University,NA,NA,NA,0000-0000-0000-00357,357
Keturah Pasaya,NA,4ac7b317f6b652aebbd9b9cf8b20756d2d1a7151,Southwest College of Naturopathic Medicine & Health Sciences,NA,NA,NA,0000-0000-0000-00358,358
Ethel Sawada,NA,eb28d9fb1ac81d538d5ffb5efcddc993d350769f,Spring Hill College,NA,NA,NA,0000-0000-0000-00359,359
Joelle Kearns,NA,1485a7b75d42ddad4467c444af2c9a31109884dc,Illinois Media School,NA,NA,NA,0000-0000-0000-00360,360
Jenna Wroe,NA,90233b4953f58a8f2ff31050e9a14064b6d0f9a5,Upper Valley Educators Institute,NA,NA,NA,0000-0000-0000-00361,361
Ian Desola,NA,a0745dc8eb6146252e30b5c579606c997216d06f,Pontifical College Josephinum,NA,NA,NA,0000-0000-0000-00362,362
Yukiko Frohlich,NA,d785291b78230246b5d03a2c7c584308289ef6bb,Kettering College,NA,NA,NA,0000-0000-0000-00363,363
Celeste Babbit,NA,a1ce1471a197c4dc097429244006bf20fcb6aa54,El Camino Hospital,NA,NA,NA,0000-0000-0000-00364,364
Joshua Moak,NA,1b87c5d787a7c12d2cdd6ae88d220b69193bbe68,Edgewood College,NA,NA,NA,0000-0000-0000-00365,365
An Altrogge,NA,19997f6c6adc093f90720e82c0ea9ce01410aaee,University of the Potomac,NA,NA,NA,0000-0000-0000-00366,366
Yolonda Naifeh,NA,9da13ca82fd2dcfbf4c672b43fa8f79dbec1e75c,Ballet Hispanico School,NA,NA,NA,0000-0000-0000-00367,367
Kristen Hamblen,NA,3ea1f4e5f24b5075a52f33b66ae448849e33f253,EINE Electrology/ Esthetics Institute of NE,NA,NA,NA,0000-0000-0000-00368,368
Ardelia Dance,NA,db57f677316cb31440b000954b43bf989f1004c3,Texas A&M University - Kingsville,NA,NA,NA,0000-0000-0000-00369,369
Myra Wilchek,NA,f5876286d15de1294014b64bce869b5930d99cda,Instituto Irma Valentin - Moca,NA,NA,NA,0000-0000-0000-00370,370
Miki Rhodie,NA,2c221cb49390c0da5a5a98da0b51d43af49ad9f0,Yeshivat Mikdash Melech,NA,NA,NA,0000-0000-0000-00371,371
Dorie Totzke,NA,a60a312cd087e0496e210ed6328f20542eb9fa4f,Regina Webb Academy,NA,NA,NA,0000-0000-0000-00372,372
Inez Shelden,NA,f0fcb6dbf7ad3de76e23eea195f8a1f271f602fc,Oberlin College,NA,NA,NA,0000-0000-0000-00373,373
Eleni Hilaire,NA,52cc8cf2c0ba49220fc4f40837f00b02f18141ac,Northwest Nannies Institute,NA,NA,NA,0000-0000-0000-00374,374
Rosaria Sponsler,NA,f6c01222f3075b7f58d8137792030436be09405f,Porter and Chester Institute of Hamden,NA,NA,NA,0000-0000-0000-00375,375
Janella Alberg,NA,1061d2a83ad915a5cb5221e630831c068e244415,Pope St. John XXIII National Seminary,NA,NA,NA,0000-0000-0000-00376,376
Ralph Degeyter,NA,d59ec75cd34a90e600cdad206d0eae0c7a84348b,Hofstra University,NA,NA,NA,0000-0000-0000-00377,377
Linwood Carscallen,NA,fe8d51a40c3730f703a3c678f336247af85d5198,Brightwood College - Las Vegas,NA,NA,NA,0000-0000-0000-00378,378
Eleonore Heal,NA,587db07353de78b995086e337c82d01d147a11ea,American Conservatory Theater,NA,NA,NA,0000-0000-0000-00379,379
Marcella Corino,NA,23db5c2e3918bcc0821dec792270fd6add3154db,Reinhardt University,NA,NA,NA,0000-0000-0000-00380,380
Meg Tix,NA,b819393795f1ffdc596466b7440bf492db7859b3,Escuela Hotelera de San Juan - Maaguez,NA,NA,NA,0000-0000-0000-00381,381
Collette Hassian,NA,052bb1054850039b5f75e6f4b2e7b4d24fa6597f,Clarian Health Education Center,NA,NA,NA,0000-0000-0000-00382,382
Darcey Rolf,NA,99368522e6ed73ef23a31cf66c62864dd712d7f8,Pontotoc Technology Center,NA,NA,NA,0000-0000-0000-00383,383
Maribel Sand,NA,d698ab334a6252052a36c8f12bc889e66a0bbe1f,SUNY Oneonta,NA,NA,NA,0000-0000-0000-00384,384
Amie Chaidy,NA,ce87184628107efeaceb07c300858c39ed6374b5,American Institute - Lauderdale Lakes,NA,NA,NA,0000-0000-0000-00385,385
Raguel Hartry,NA,8e983ac5ac794b080e45d66913bba5178ed91476,Charles R. Drew University of Medicine and Science,NA,NA,NA,0000-0000-0000-00386,386
Berna Shaff,NA,ba356cf00fcb874d7c01936873dcb226a101c54e,Inter American University of Puerto Rico Ponce,NA,NA,NA,0000-0000-0000-00387,387
Katharine Bingamon,NA,2ac7dccc9d7eeefbc9f54365c497b266a9745997,L'esprit Academy,NA,NA,NA,0000-0000-0000-00388,388
Tomika Fortun,NA,a8c5274d88040b97fea74afaa52f33df8d5d0405,Meridian Institute of Surgical Assisting,NA,NA,NA,0000-0000-0000-00389,389
Pattie Boscarello,NA,d0169e53afc2e1c76c8b2b45be37a35492553153,Faulkner University,NA,NA,NA,0000-0000-0000-00390,390
Shemika Yannantuono,NA,fa4c82758ecf1bf20fd836a18950c9574cc9c856,Arkansas College of Osteopathic Medicine,NA,NA,NA,0000-0000-0000-00391,391
Ginette Kaus,NA,39c158ae19399472147880448aca1488dc06ecdf,California Institute of Advanced Management,NA,NA,NA,0000-0000-0000-00392,392
Siobhan Shoulder,NA,f26aa9c375ff09bbdbf70d307060ca8503f7102e,Lamson Institute,NA,NA,NA,0000-0000-0000-00393,393
Sofia Zanella,NA,9a64b3e6035e931fd8bcf4cc7026d2b733a97535,Cornell College,NA,NA,NA,0000-0000-0000-00394,394
Michael Beisel,NA,7628deef05ac5282dd43d198c13b70bbdfb86f02,Talmudic College of Florida,NA,NA,NA,0000-0000-0000-00395,395
Valencia Tarry,NA,bec6612593992628ff646667ef81bdaed7d5966f,D'Mart Institute - Ponce,NA,NA,NA,0000-0000-0000-00396,396
Evalyn Magar,NA,e54365becf9eb910415d19e203b33e88db8f4a2d,Tulsa Job Corps Center,NA,NA,NA,0000-0000-0000-00397,397
Vi Rous,NA,1a6df0df54975d3d85a41f1e72d359c3160165b7,MCPHS University,NA,NA,NA,0000-0000-0000-00398,398
Benjamin Shadler,NA,edcc1ccf49f8313831153acce9c0ec5727927351,"University of California, Santa Cruz",NA,NA,NA,0000-0000-0000-00399,399
Leona Hasenfratz,NA,8edebb5fdbd5ed3fcdf736c51f2a3cda04543a38,Boxelder Job Corps Center,NA,NA,NA,0000-0000-0000-00400,400
Katherina Zucca,NA,e7ece790b6a530a77207534fede7d6ea88e26ed4,Georgia Institute of Technology - Main Campus,NA,NA,NA,0000-0000-0000-00401,401
Jerlene Tertinek,NA,379e8b6ebd45f94025b817218ba72c77ce320a0c,Capistrano Laguna Beach ROP,NA,NA,NA,0000-0000-0000-00402,402
Dennis Trotochaud,NA,3cc58780d4d663ebd4dd6f962e3ad849d8e2763c,Colorado School of Traditional Chinese Medicine,NA,NA,NA,0000-0000-0000-00403,403
Gertrudis Madewell,NA,a4236c38f1cfac47796c1f8f1d1fda80fc4323c8,Antelope Valley College,NA,NA,NA,0000-0000-0000-00404,404
Geneva Coloma,NA,af9351b5c371d102f2e19e91d859517e792ed174,Sierra States University,NA,NA,NA,0000-0000-0000-00405,405
Veda Cromuel,NA,b497e3d6c1d26280dd04e2e22eb4b2ee356dbf61,Yuba College,NA,NA,NA,0000-0000-0000-00406,406
Fanny Siegmund,NA,677e6c054dc089bd25936c78404f2fb9952db532,Montana School of Massage,NA,NA,NA,0000-0000-0000-00407,407
Allen Gdula,NA,e5c4116ad82cba4cbdc09e6cea721c26ddfdf782,Western Michigan University,NA,NA,NA,0000-0000-0000-00408,408
Leandro Prence,NA,9e5eef26e51663671552ffae373fba9e44972773,WyoTech - Oakland,NA,NA,NA,0000-0000-0000-00409,409
Virgen Larios,NA,7795d5ac69ac1ab65d67d695f5e2424aec26d43e,Smith College,NA,NA,NA,0000-0000-0000-00410,410
Ninfa Felico,NA,5537ddc14d1a79b403e037ae303e6f7dc60fe0e8,SUNY College at Old Westbury,NA,NA,NA,0000-0000-0000-00411,411
Soo Mcnatt,NA,ee96baebeaa6dc17b70f2b96eaa92d655ece1524,IntelliTec College - Pueblo,NA,NA,NA,0000-0000-0000-00412,412
Ayana Shindler,NA,082134df2dfe1a3f4353aa76651054790d08ddfe,Colby-Sawyer College,NA,NA,NA,0000-0000-0000-00413,413
Eula Morowski,NA,73f059130259f1d582196d15e3a5674f3e6e1879,Iona College,NA,NA,NA,0000-0000-0000-00414,414
Corine Scheffrahn,NA,9b58c7169456ddedd1dcbbc1901acde921151954,Briarcliffe College,NA,NA,NA,0000-0000-0000-00415,415
Lemuel Brumleve,NA,d57785c87ceb222b5f6f47b5bfe71251e46c5bce,University of Texas Health Science San Antonio,NA,NA,NA,0000-0000-0000-00416,416
Kristine Mazanec,NA,badef87394b08ef0063cdf6f597be55675f99076,The Seattle School of Theology and Psychology,NA,NA,NA,0000-0000-0000-00417,417
Elodia Graleski,NA,afeb3d028aea293b369c95587873176e251494fb,Peninsula College,NA,NA,NA,0000-0000-0000-00418,418
Colton Andruzzi,NA,ca868c210190eab34ab64a33cedbcab2cbd0a793,Porter and Chester Institute - Rocky Hill,NA,NA,NA,0000-0000-0000-00419,419
Venice Gables,NA,1c606bcfcf7444ba9f189b0c1a495be181f1663f,Technology Center,NA,NA,NA,0000-0000-0000-00420,420
Betty Hodes,NA,679434790f0980c702a4db0cbd7d210cd3e4842f,IVAEM College,NA,NA,NA,0000-0000-0000-00421,421
Ivy Wempe,NA,084272d7a03c1ea172a4608073717e288e21472f,Digital Media Institute at InterTech,NA,NA,NA,0000-0000-0000-00422,422
Corrin Hasegawa,NA,694bc4649255f19f1a615f136190082495818119,Hands on Therapy,NA,NA,NA,0000-0000-0000-00423,423
Shanika Kuy,NA,c27f0e8a330b6c61d276b94ed7370d5e0d6f1ee2,Porter Memorial Hospital,NA,NA,NA,0000-0000-0000-00424,424
Edris Lighthall,NA,fce584a634c53f60ca7c7444c72391418c129030,Won Institute of Graduate Studies,NA,NA,NA,0000-0000-0000-00425,425
Francene Rafey,NA,ddcf80e5d1472580e416d97d0ac27b352bc1c2ec,Internexus San Diego,NA,NA,NA,0000-0000-0000-00426,426
Candra Droegmiller,NA,4ca58e41139709211586fdad38495100909d9338,Instituto Irma Valentin - Caguas,NA,NA,NA,0000-0000-0000-00427,427
Jeanene Gunto,NA,6ec57b28cddb81d25b7ce96c2758f5b2cfbc234a,ATI College - Santa Ana,NA,NA,NA,0000-0000-0000-00428,428
Sadye Schemm,NA,4ceb730e945dce9462417317347f6be6734c9836,DePaul University,NA,NA,NA,0000-0000-0000-00429,429
Vickie Pulanco,NA,09ae448ae1959e59c0af274a3b13f6f62243da18,Ursuline College,NA,NA,NA,0000-0000-0000-00430,430
Kristle Dibernardo,NA,31dc793e4170999b5ce57446b763994123c3eee7,Colby College,NA,NA,NA,0000-0000-0000-00431,431
Fae Szlosek,NA,f10ca1b2faa8f85b90c37577eac0a4642cd6a92e,Warner University,NA,NA,NA,0000-0000-0000-00432,432
Merry Valotta,NA,68b0c6bb5b3c106fa700eba02ddb6bea947057ec,Vogue International Academy,NA,NA,NA,0000-0000-0000-00433,433
Tammie Butron,NA,fe1f080e4170865393fca7a85e460fb5d30f02be,American National College,NA,NA,NA,0000-0000-0000-00434,434
Charleen Stoud,NA,2947e7c44e5d47f7b4b481f1e2611b7ba82324c1,King University,NA,NA,NA,0000-0000-0000-00435,435
Adrian Rabuck,NA,f4ad53c785715722cdff9c05e44bdb4d32fc7718,Lyndon B. Johnson Job Corps Civilian Conservation Center,NA,NA,NA,0000-0000-0000-00436,436
Larry Orochena,NA,19a1dd316e0d5c81673412316eccb3da3ab2c4f5,Lincoln College of Technology - Melrose Park,NA,NA,NA,0000-0000-0000-00437,437
Pauletta Aultz,NA,ff32acc679b22585520b416bf4f02c3555f9857a,Georgia Highlands College,NA,NA,NA,0000-0000-0000-00438,438
Lynsey Bansbach,NA,87d4c35a972dcff8fcfde827bcd9ba63c42f3f95,Salem College,NA,NA,NA,0000-0000-0000-00439,439
Nakisha Mistrot,NA,1f30b60471d1502d453cf12c79a3a8cb79a87e31,Trine University,NA,NA,NA,0000-0000-0000-00440,440
Manual Hackmann,NA,2b64868deb616369f1248c8c266dd9ddf0ce5645,Emerging Technologies Institute,NA,NA,NA,0000-0000-0000-00441,441
Monserrate Lascala,NA,7577612a9c4110e009ccdcd6d1abb9c475706e41,Pitzer College,NA,NA,NA,0000-0000-0000-00442,442
Cori Aversano,NA,a0ec43e32bb61c5a5060f660883c2e325b06d836,Temp Test institution,NA,NA,NA,0000-0000-0000-00443,443
Tamie Mench,NA,53def927f59bbe33ae5d6aff4ef4220560062a78,Loyola Marymount University,NA,NA,NA,0000-0000-0000-00444,444
Darius Seelye,NA,1ff5d831af69fd0a8bccfb1148292c1ecc2e5931,Ohio Hi-Point Adult and Continuing Education,NA,NA,NA,0000-0000-0000-00445,445
Vicente Burkette,NA,e6573e9d4c1eb7ee62f81017f1b35a0e1fbc3764,Washington and Lee University,NA,NA,NA,0000-0000-0000-00446,446
Marylynn Kumfer,NA,fa82fce635f7e12dbbe8db4c60b4a4c7cf5c3689,Phoenix Therapeutic Massage College - Phoenix,NA,NA,NA,0000-0000-0000-00447,447
Joni Kemmis,NA,1481553e5cc4ff7d8aa078641ecda7ad6e022224,Cincinnati Christian University,NA,NA,NA,0000-0000-0000-00448,448
Freddie Smiddy,NA,8f511a61288c33b81f30e667d5366640761cd1d1,International Mid Pac College,NA,NA,NA,0000-0000-0000-00449,449
Starr Kuter,NA,f90ecf865c42110e30b7572440ea3e1440d1d456,Grove City College,NA,NA,NA,0000-0000-0000-00450,450
Bok Staie,NA,6654061d71dfe5ee5216edf87bcf776411c57938,University of the People,NA,NA,NA,0000-0000-0000-00451,451
Maryam Helgert,NA,b73d10da813eed9ba05ca34530d28da627cebde0,Futures International High School,NA,NA,NA,0000-0000-0000-00452,452
Season Khansari,NA,4162038942d4a737c75bb429f4d0a9392a24e211,D'Mart Institute,NA,NA,NA,0000-0000-0000-00453,453
Tasia Johanek,NA,bfd8d86036fb20423689278e6bfd016921447950,Illinois College,NA,NA,NA,0000-0000-0000-00454,454
Maisha Schoeninger,NA,80f0f96bfaaa2db77b5575c3f57f14a3c1fe9dec,Westech College,NA,NA,NA,0000-0000-0000-00455,455
Juana Stoeckel,NA,4ec08c5e9f5d645b2e239a546114ed287f2ca25d,L'Ecole Culinaire - Cordova,NA,NA,NA,0000-0000-0000-00456,456
Chelsie Remily,NA,2de1bf36d617c57f1ef27ce2b73c52643504b65a,Gainesville State College,NA,NA,NA,0000-0000-0000-00457,457
Dario Keepers,NA,b11dd17753a537f88c64888201e1890e08dd41c6,Texas Christian University,NA,NA,NA,0000-0000-0000-00458,458
Eustolia Wever,NA,23474dc149e6b49a8515038356314b434a9c9be0,North Central Michigan College,NA,NA,NA,0000-0000-0000-00459,459
Donte Stewarts,NA,ad65ce8653573cfd5ab19f2d62274b6964c8301d,Amarillo College,NA,NA,NA,0000-0000-0000-00460,460
Onie Samperi,NA,005c4fb9ddd925511a506ada13e5ccac64706c33,Internexus Orlando,NA,NA,NA,0000-0000-0000-00461,461
Kyla Epting,NA,32e75c706574183ef88d09517750fe8b6aa3f1fc,Metro Technology Centers - Springlake,NA,NA,NA,0000-0000-0000-00462,462
Lacie Meisner,NA,7fc92296ce63a0a3d34733f37a48fdc24b11d021,Southern Utah University,NA,NA,NA,0000-0000-0000-00463,463
Madalene Pumper,NA,36d828152eba1364a64f93463968cb4d7c4262a1,The University of Tampa,NA,NA,NA,0000-0000-0000-00464,464
Ruben Ogston,NA,a5d902cfb12c8152f6359b68ccd7a55d4991db84,Falcon Institute of Health and Science,NA,NA,NA,0000-0000-0000-00465,465
Vernell Honey,NA,3f40557bc48d908a3531858789ff9f4adcf6c749,Keiser University,NA,NA,NA,0000-0000-0000-00466,466
Martin Reiners,NA,8d8cada9e4e22c810a82780ed4b15d3752b5889e,LaSalle Tech,NA,NA,NA,0000-0000-0000-00467,467
Enedina Melady,NA,1b1c8a0ef8c27744b5de688b48d75837f089031c,SIT,NA,NA,NA,0000-0000-0000-00468,468
Candice Jardin,NA,478775dad33e43408bf2e9dcca1cea3440948f30,Samford University,NA,NA,NA,0000-0000-0000-00469,469
Vina Helstad,NA,13783677cfe859afbe3c1d4de5b920fbe0c8f81a,Sanford-Brown College - Farmington,NA,NA,NA,0000-0000-0000-00470,470
Edward Cominski,NA,5f7d060d89d97e61f70c2ec4412abef27d4099dd,Uceda School of West Palm Beach 2,NA,NA,NA,0000-0000-0000-00471,471
Patricia Shalwani,NA,2332857f57f0e2ad6658d0ac804bf20384573013,Haven University,NA,NA,NA,0000-0000-0000-00472,472
Kittie Wayson,NA,920b29bbaa755821227619c655670c47efff050f,Ascension-St. Joseph,NA,NA,NA,0000-0000-0000-00473,473
Shanell Heathershaw,NA,2c6b7a420c5d7d413cae81e6d455cdf86cfac183,Utah State University,NA,NA,NA,0000-0000-0000-00474,474
Dalene Boggess,NA,36be87a89627be25cdd79e458b8476ad3d0d2d26,Lehigh Valley College,NA,NA,NA,0000-0000-0000-00475,475
Divina Novik,NA,7e98c8f80a195ade6343f7825e521b28c7deac1d,Manthano Christian College,NA,NA,NA,0000-0000-0000-00476,476
Doyle Lents,NA,e503dd64e999fb90db005e2fb14a7e41f30f43d6,Cardinal Stritch University,NA,NA,NA,0000-0000-0000-00477,477
Layla Cannone,NA,dbb355227991d47d27231cd2e10fcc935ab3927c,American Harbor College,NA,NA,NA,0000-0000-0000-00478,478
Lessie Ditzel,NA,3818e03b4e3efc4b309d646f275c1bd3965478a8,Special School District of St. Louis County,NA,NA,NA,0000-0000-0000-00479,479
Francisco Weatherman,NA,9ead0c053411daaed6bec46579d59f74629851ad,Truett McConnell University,NA,NA,NA,0000-0000-0000-00480,480
Eladia Sheston,NA,033c40cce016885c44354937cc20de38c484dbbd,Yeshiva Karlin Stolin,NA,NA,NA,0000-0000-0000-00481,481
Carlie Cicero,NA,fc2c704092481b72adace10259b4e33145761097,Southern Oregon University,NA,NA,NA,0000-0000-0000-00482,482
Christina Kirwan,NA,e6daab44824a7aae4cff284b726bfb82c80cf63f,Mandalyn Academy,NA,NA,NA,0000-0000-0000-00483,483
Sally Barrows,NA,748f47124ba47c3d3c30e4cc6090697d891f2f8f,West Hills College - Lemoore,NA,NA,NA,0000-0000-0000-00484,484
Juanita Bolde,NA,b171340a3f75a1eb3075849bd6c54f52e6be9a3d,University of North Florida,NA,NA,NA,0000-0000-0000-00485,485
Neda Siles,NA,269135f366ecf9c8d3a1cbe6415f2b01de2c31a3,Brenau University,NA,NA,NA,0000-0000-0000-00486,486
Leeanna Loa,NA,3b94a7da912ce009314f6d8a06478782a87e73ae,Sentara College of Health Sciences,NA,NA,NA,0000-0000-0000-00487,487
Robbie Kilton,NA,22ee6890ccdd959bc03dea4499b8659d094c6e3f,San Antonio College,NA,NA,NA,0000-0000-0000-00488,488
Keisha Bartoli,NA,e8bfdf49cc6fc9608ff069d641a6de2a0800e2f2,Uceda School of Orlando I,NA,NA,NA,0000-0000-0000-00489,489
Benedict Costanza,NA,4eb1dea8c0203255ff9b079eecad7a4d53e190fb,St Charles School of Massage Therapy,NA,NA,NA,0000-0000-0000-00490,490
Demetra Mcgee,NA,440d2a3ffb12ef97437f3aa0cfd2625c0b861023,Wisconsin ESL Institute,NA,NA,NA,0000-0000-0000-00491,491
Sherrill Haley,NA,a58804c6de53884ffc1706cda9f2d579a9686428,Tennessee Board of Regents,NA,NA,NA,0000-0000-0000-00492,492
Celina Velten,NA,275675d71b114d56ec5f4ad66c0f9f18ba5e0447,Utica School of Commerce- Oneonta Campus,NA,NA,NA,0000-0000-0000-00493,493
Marylin Hippenstiel,NA,525d1df24b59a833b14eb6a31111f29133b65d4f,Sabio Enterprises,NA,NA,NA,0000-0000-0000-00494,494
Seema Steinberger,NA,c77b92b31590381f4532500dce04be7f5518e86b,Reconstructionist Rabbinical College,NA,NA,NA,0000-0000-0000-00495,495
Marcelene Jording,NA,7c214b0ff20af9b2aec0ecc69997da1df4041f58,Murray State College,NA,NA,NA,0000-0000-0000-00496,496
Rolland Verkler,NA,394335238a7c69c2a2fc0f5971578263ce0329f4,Federal Correctional Institution - Tallahassee,NA,NA,NA,0000-0000-0000-00497,497
Ilana Sankey,NA,54b46a7bd5b04bba1736dfb28fb424f856600e7e,Franklin Technology Center,NA,NA,NA,0000-0000-0000-00498,498
Loree Stanphill,NA,47798f6499950d18e9f06c390c3e377ebd09abf0,Central Coast Adult School - California Men's Colony,NA,NA,NA,0000-0000-0000-00499,499
Mozella Laberge,NA,f70ac89b8a925c648334d40489ebced556cf7db2,Morris County School of Technology,NA,NA,NA,0000-0000-0000-00500,500
